parent_label,label,video_path,include_50,split
Adjectives,1. loud,Adjectives/1. loud/MVI_9448.MOV,True,train
Places,19. House,Places/19. House/MVI_3515.MOV,True,train
Adjectives,83. big large,Adjectives/83. big large/MVI_5204.MOV,True,train
Jobs,91. Priest,Jobs/91. Priest/MVI_5345.MOV,True,train
Places,23. Court,Places/23. Court/MVI_3612.MOV,True,train
Means_of_Transportation,16. train ticket,Means_of_Transportation/16. train ticket/MVI_8596.MP4,True,train
Places,23. Court,Places/23. Court/MVI_3531.MOV,True,train
Pronouns,44. it,Pronouns/44. it/MVI_0014.MOV,True,train
Places,19. House,Places/19. House/MVI_3436.MOV,True,train
Clothes,44. Shoes,Clothes/44. Shoes/MVI_3711.MOV,True,train
Animals,1. Dog,Animals/1. Dog/MVI_3060.MOV,True,train
Places,35. Bank,Animals/1. Dog/MVI_3060.MOV,True,train
Animals,1. Dog,Animals/1. Dog/MVI_3030.MOV,True,train
Greetings,55. Thank you,Greetings/55. Thank you/MVI_0111.MOV,True,train
Society,14. Election,Society/14. Election/MVI_4307.MOV,True,train
Animals,5. Cow,Animals/5. Cow/MVI_3047.MOV,True,train
Home,28. Window,Home/28. Window/MVI_8769.MP4,True,train
Adjectives,2. quiet,Adjectives/2. quiet/MVI_5338.MOV,True,train
Adjectives,97. dry,Adjectives/97. dry/MVI_5328.MOV,True,train
Adjectives,78. long,Adjectives/78. long/MVI_5186.MOV,True,train
Greetings,48. Hello,Greetings/48. Hello/MVI_0090.MOV,True,train
Adjectives,97. dry,Adjectives/97. dry/MVI_9523.MOV,True,train
Greetings,48. Hello,Greetings/48. Hello/MVI_9983.MOV,True,train
Animals,5. Cow,Animals/5. Cow/MVI_2992.MOV,True,train
Animals,4. Bird,Animals/4. Bird/MVI_4155.MOV,True,train
Places,23. Court,Places/23. Court/MVI_3610.MOV,True,train
Adjectives,83. big large,Adjectives/83. big large/MVI_9317.MOV,True,train
Places,35. Bank,Places/35. Bank/MVI_3502.MOV,True,train
Clothes,37. Hat,Clothes/37. Hat/MVI_3985.MOV,True,train
Colours,54. Black,Colours/54. Black/MVI_5206.MOV,True,train
Adjectives,2. quiet,Adjectives/2. quiet/MVI_9452.MOV,True,train
Adjectives,79. short,Adjectives/79. short/MVI_9380.MOV,True,train
Places,35. Bank,Places/35. Bank/MVI_3337.MOV,True,train
Animals,5. Cow,Animals/5. Cow/MVI_2990.MOV,True,train
Colours,55. White,Colours/55. White/MVI_3891.MOV,True,train
Adjectives,79. short,Adjectives/79. short/MVI_5270.MOV,True,train
Places,35. Bank,Places/35. Bank/MVI_3583.MOV,True,train
Electronics,53. Fan,Electronics/53. Fan/MVI_9099.MP4,True,train
Places,19. House,Places/19. House/MVI_3268.MOV,True,train
Adjectives,91. new,Adjectives/91. new/MVI_9502.MOV,True,train
Places,28. Store or Shop,Places/28. Store or Shop/MVI_3308.MOV,True,train
Days_and_Time,67. Monday,Days_and_Time/67. Monday/MVI_5449.MOV,True,train
Colours,54. Black,Colours/54. Black/MVI_4040.MOV,True,train
Places,19. House,Places/19. House/MVI_3349.MOV,True,train
Animals,4. Bird,Places/19. House/MVI_3349.MOV,True,train
Society,2. Death,Society/2. Death/MVI_4257.MOV,True,train
Electronics,53. Fan,Electronics/53. Fan/MVI_4534.MOV,True,train
Greetings,48. Hello,Greetings/48. Hello/MVI_0038.MOV,True,train
Adjectives,2. quiet,Adjectives/2. quiet/MVI_9371.MOV,True,train
Places,23. Court,Places/23. Court/MVI_3452.MOV,True,train
Electronics,54. Cell phone,Electronics/54. Cell phone/MVI_4540.MOV,True,train
Animals,4. Bird,Animals/4. Bird/MVI_8568.MP4,True,train
Pronouns,46. you (plural),Pronouns/46. you (plural)/MVI_0083.MOV,True,train
Clothes,42. T-Shirt,Clothes/42. T-Shirt/MVI_4003.MOV,True,train
Days_and_Time,67. Monday,Days_and_Time/67. Monday/MVI_4594.MOV,True,train
People,78. Girl,People/78. Girl/MVI_4243.MOV,True,train
People,61. Father,People/61. Father/MVI_4940.MOV,True,train
Adjectives,79. short,Adjectives/79. short/MVI_9382.MOV,True,train
Colours,47. Red,Colours/47. Red/MVI_3720.MOV,True,train
Adjectives,91. new,Adjectives/91. new/MVI_9421.MOV,True,train
Animals,4. Bird,Animals/4. Bird/MVI_3013.MOV,True,train
Adjectives,87. hot,Adjectives/87. hot/MVI_5136.MOV,True,train
Adjectives,2. quiet,Adjectives/2. quiet/MVI_5339.MOV,True,train
Seasons,64. Fall,Seasons/64. Fall/MVI_4580.MOV,True,train
Places,23. Court,Places/23. Court/MVI_3366.MOV,True,train
Seasons,64. Fall,Seasons/64. Fall/MVI_5436.MOV,True,train
Pronouns,40. I,Pronouns/40. I/MVI_0066.MOV,True,train
Days_and_Time,86. Time,Days_and_Time/86. Time/MVI_5524.MOV,True,train
Means_of_Transportation,11. Car,Means_of_Transportation/11. Car/MVI_4177.MOV,True,train
Places,19. House,Places/19. House/MVI_3350.MOV,True,train
Electronics,53. Fan,Electronics/53. Fan/MVI_4533.MOV,True,train
Colours,47. Red,Colours/47. Red/MVI_4019.MOV,True,train
Animals,4. Bird,Animals/4. Bird/MVI_2987.MOV,True,train
Colours,55. White,Colours/55. White/MVI_5062.MOV,True,train
Places,23. Court,Colours/55. White/MVI_5062.MOV,True,train
Greetings,51. Good Morning,Greetings/51. Good Morning/MVI_9932.MOV,True,train
Seasons,61. Summer,Seasons/61. Summer/MVI_5424.MOV,True,train
Places,19. House,Places/19. House/MVI_3594.MOV,True,train
Home,40. Paint,Home/40. Paint/MVI_4413.MOV,True,train
Adjectives,1. loud,Adjectives/1. loud/MVI_5336.MOV,True,train
Jobs,84. Teacher,Jobs/84. Teacher/MVI_8866.MP4,True,train
Places,19. House,Places/19. House/MVI_3516.MOV,True,train
Greetings,55. Thank you,Greetings/55. Thank you/MVI_9985.MOV,True,train
Places,35. Bank,Places/35. Bank/MVI_3664.MOV,True,train
Adjectives,78. long,Adjectives/78. long/MVI_5108.MOV,True,train
Adjectives,2. quiet,Adjectives/2. quiet/MVI_9538.MOV,True,train
Colours,55. White,Colours/55. White/MVI_5209.MOV,True,train
People,66. Brother,People/66. Brother/MVI_8631.MP4,True,train
Colours,54. Black,Colours/54. Black/MVI_5059.MOV,True,train
Seasons,64. Fall,Seasons/64. Fall/MVI_9135.MP4,True,train
Adjectives,94. good,Adjectives/94. good/MVI_5240.MOV,True,train
Adjectives,2. quiet,Adjectives/2. quiet/MVI_9453.MOV,True,train
Adjectives,97. dry,Adjectives/97. dry/MVI_5167.MOV,True,train
Pronouns,40. I,Pronouns/40. I/MVI_9919.MOV,True,train
Colours,47. Red,Colours/47. Red/MVI_5038.MOV,True,train
Adjectives,3. happy,Adjectives/3. happy/MVI_9540.MOV,True,train
Society,14. Election,Society/14. Election/MVI_8711.MP4,True,train
Clothes,44. Shoes,Clothes/44. Shoes/MVI_4204.MOV,True,train
Home,28. Window,Home/28. Window/MVI_4365.MOV,True,train
People,77. Boy,People/77. Boy/MVI_3814.MOV,True,train
Means_of_Transportation,11. Car,Means_of_Transportation/11. Car/MVI_3238.MOV,True,train
People,78. Girl,People/78. Girl/MVI_3818.MOV,True,train
Jobs,91. Priest,Jobs/91. Priest/MVI_8887.MP4,True,train
Adjectives,83. big large,Adjectives/83. big large/MVI_5284.MOV,True,train
Adjectives,1. loud,Adjectives/1. loud/MVI_9368.MOV,True,train
Adjectives,84. small little,Adjectives/84. small little/MVI_9236.MOV,True,train
Society,14. Election,Society/14. Election/MVI_4839.MOV,True,train
Clothes,42. T-Shirt,Clothes/42. T-Shirt/MVI_3850.MOV,True,train
People,66. Brother,People/66. Brother/MVI_4075.MOV,True,train
Animals,1. Dog,Animals/1. Dog/MVI_2979.MOV,True,train
People,66. Brother,People/66. Brother/MVI_4230.MOV,True,train
Means_of_Transportation,16. train ticket,Means_of_Transportation/16. train ticket/MVI_3196.MOV,True,train
Adjectives,91. new,Adjectives/91. new/MVI_5309.MOV,True,train
Adjectives,84. small little,Adjectives/84. small little/MVI_5287.MOV,True,train
Adjectives,94. good,Adjectives/94. good/MVI_9432.MOV,True,train
Adjectives,97. dry,Adjectives/97. dry/MVI_9521.MOV,True,train
Adjectives,87. hot,Adjectives/87. hot/MVI_9409.MOV,True,train
Places,28. Store or Shop,Places/28. Store or Shop/MVI_3310.MOV,True,train
Pronouns,40. I,Pronouns/40. I/MVI_9879.MOV,True,train
Pronouns,46. you (plural),Pronouns/46. you (plural)/MVI_9947.MOV,True,train
Electronics,53. Fan,Electronics/53. Fan/MVI_9097.MP4,True,train
Animals,5. Cow,Animals/5. Cow/MVI_4160.MOV,True,train
Adjectives,83. big large,Adjectives/83. big large/MVI_9234.MOV,True,train
People,78. Girl,People/78. Girl/MVI_8645.MP4,True,train
People,66. Brother,People/66. Brother/MVI_3780.MOV,True,train
Adjectives,84. small little,Adjectives/84. small little/MVI_5288.MOV,True,train
Means_of_Transportation,11. Car,Means_of_Transportation/11. Car/MVI_8584.MP4,True,train
People,61. Father,People/61. Father/MVI_4062.MOV,True,train
People,61. Father,People/61. Father/MVI_3765.MOV,True,train
Colours,54. Black,Colours/54. Black/MVI_4919.MOV,True,train
Home,34. Pen,Home/34. Pen/MVI_4390.MOV,True,train
Places,35. Bank,Places/35. Bank/MVI_3336.MOV,True,train
Seasons,61. Summer,Seasons/61. Summer/MVI_9124.MP4,True,train
Adjectives,94. good,Adjectives/94. good/MVI_9349.MOV,True,train
Seasons,61. Summer,Seasons/61. Summer/MVI_5420.MOV,True,train
People,77. Boy,People/77. Boy/MVI_3816.MOV,True,train
People,78. Girl,People/78. Girl/MVI_3817.MOV,True,train
People,78. Girl,People/78. Girl/MVI_5288.MOV,True,train
Colours,47. Red,Colours/47. Red/MVI_8612.MP4,True,train
Clothes,44. Shoes,Clothes/44. Shoes/MVI_4009.MOV,True,train
Home,40. Paint,Home/40. Paint/MVI_9051.MP4,True,train
Days_and_Time,86. Time,Days_and_Time/86. Time/MVI_4667.MOV,True,train
Means_of_Transportation,16. train ticket,Means_of_Transportation/16. train ticket/MVI_3134.MOV,True,train
Home,40. Paint,Home/40. Paint/MVI_4412.MOV,True,train
Clothes,37. Hat,Clothes/37. Hat/MVI_3986.MOV,True,train
Places,28. Store or Shop,Places/28. Store or Shop/MVI_3385.MOV,True,train
Days_and_Time,67. Monday,Days_and_Time/67. Monday/MVI_5009.MOV,True,train
Means_of_Transportation,11. Car,Means_of_Transportation/11. Car/MVI_3146.MOV,True,train
Colours,54. Black,Colours/54. Black/MVI_5208.MOV,True,train
Adjectives,3. happy,Adjectives/3. happy/MVI_5185.MOV,True,train
People,77. Boy,People/77. Boy/MVI_5286.MOV,True,train
Pronouns,40. I,Pronouns/40. I/MVI_9878.MOV,True,train
Places,19. House,Places/19. House/MVI_3351.MOV,True,train
Greetings,48. Hello,Greetings/48. Hello/MVI_0032.MOV,True,train
Adjectives,97. dry,Adjectives/97. dry/MVI_9279.MOV,True,train
Jobs,84. Teacher,Jobs/84. Teacher/MVI_4744.MOV,True,train
Places,35. Bank,Places/35. Bank/MVI_3423.MOV,True,train
People,78. Girl,People/78. Girl/MVI_3965.MOV,True,train
Colours,55. White,Colours/55. White/MVI_4923.MOV,True,train
Jobs,84. Teacher,Jobs/84. Teacher/MVI_4459.MOV,True,train
Adjectives,78. long,Adjectives/78. long/MVI_5266.MOV,True,train
Pronouns,44. it,Pronouns/44. it/MVI_9898.MOV,True,train
Seasons,61. Summer,Seasons/61. Summer/MVI_9123.MP4,True,train
People,61. Father,People/61. Father/MVI_3764.MOV,True,train
Places,19. House,Places/19. House/MVI_3438.MOV,True,train
Adjectives,3. happy,Adjectives/3. happy/MVI_9296.MOV,True,train
Days_and_Time,78. Year,Days_and_Time/78. Year/MVI_5491.MOV,True,train
Adjectives,78. long,Adjectives/78. long/MVI_5188.MOV,True,train
Adjectives,1. loud,Adjectives/1. loud/MVI_9290.MOV,True,train
Places,23. Court,Adjectives/1. loud/MVI_9290.MOV,True,train
Colours,47. Red,Colours/47. Red/MVI_5184.MOV,True,train
Greetings,48. Hello,Greetings/48. Hello/MVI_0089.MOV,True,train
People,66. Brother,People/66. Brother/MVI_5243.MOV,True,train
Clothes,42. T-Shirt,Clothes/42. T-Shirt/MVI_5022.MOV,True,train
Animals,4. Bird,Animals/4. Bird/MVI_3096.MOV,True,train
Adjectives,87. hot,Adjectives/87. hot/MVI_9328.MOV,True,train
Electronics,53. Fan,Electronics/53. Fan/MVI_4532.MOV,True,train
Places,28. Store or Shop,Electronics/53. Fan/MVI_4532.MOV,True,train
Places,23. Court,Places/23. Court/MVI_3453.MOV,True,train
Home,34. Pen,Home/34. Pen/MVI_4387.MOV,True,train
Places,19. House,Places/19. House/MVI_3595.MOV,True,train
Adjectives,2. quiet,Adjectives/2. quiet/MVI_9293.MOV,True,train
Adjectives,94. good,Adjectives/94. good/MVI_9431.MOV,True,train
Adjectives,83. big large,Adjectives/83. big large/MVI_9318.MOV,True,train
Days_and_Time,86. Time,Days_and_Time/86. Time/MVI_5079.MOV,True,train
Seasons,61. Summer,Seasons/61. Summer/MVI_4565.MOV,True,train
Jobs,84. Teacher,Jobs/84. Teacher/MVI_8864.MP4,True,train
Pronouns,46. you (plural),Pronouns/46. you (plural)/MVI_9976.MOV,True,train
Animals,4. Bird,Animals/4. Bird/MVI_2989.MOV,True,train
Adjectives,2. quiet,Adjectives/2. quiet/MVI_5181.MOV,True,train
Clothes,42. T-Shirt,Clothes/42. T-Shirt/MVI_4002.MOV,True,train
Clothes,37. Hat,Clothes/37. Hat/MVI_5008.MOV,True,train
Means_of_Transportation,11. Car,Means_of_Transportation/11. Car/MVI_3239.MOV,True,train
Jobs,91. Priest,Jobs/91. Priest/MVI_8889.MP4,True,train
Colours,54. Black,Colours/54. Black/MVI_4215.MOV,True,train
Places,35. Bank,Places/35. Bank/MVI_3422.MOV,True,train
Adjectives,97. dry,Adjectives/97. dry/MVI_5168.MOV,True,train
Means_of_Transportation,11. Car,Means_of_Transportation/11. Car/MVI_4176.MOV,True,train
Days_and_Time,67. Monday,Days_and_Time/67. Monday/MVI_5010.MOV,True,train
Adjectives,83. big large,Adjectives/83. big large/MVI_5123.MOV,True,train
Adjectives,3. happy,Adjectives/3. happy/MVI_5264.MOV,True,train
Electronics,54. Cell phone,Electronics/54. Cell phone/MVI_4538.MOV,True,train
Adjectives,78. long,Adjectives/78. long/MVI_9299.MOV,True,train
Greetings,51. Good Morning,Greetings/51. Good Morning/MVI_9933.MOV,True,train
People,61. Father,People/61. Father/MVI_4061.MOV,True,train
People,77. Boy,People/77. Boy/MVI_5285.MOV,True,train
Adjectives,79. short,Adjectives/79. short/MVI_5112.MOV,True,train
Colours,55. White,Colours/55. White/MVI_8620.MP4,True,train
Places,19. House,Places/19. House/MVI_3352.MOV,True,train
Colours,47. Red,Colours/47. Red/MVI_4018.MOV,True,train
Places,28. Store or Shop,Places/28. Store or Shop/MVI_3386.MOV,True,train
Places,35. Bank,Places/35. Bank/MVI_3501.MOV,True,train
Means_of_Transportation,11. Car,Means_of_Transportation/11. Car/MVI_4178.MOV,True,train
Colours,55. White,Colours/55. White/MVI_3890.MOV,True,train
Places,23. Court,Places/23. Court/MVI_3534.MOV,True,train
Clothes,42. T-Shirt,Clothes/42. T-Shirt/MVI_5021.MOV,True,train
Greetings,48. Hello,Greetings/48. Hello/MVI_0037.MOV,True,train
People,77. Boy,People/77. Boy/MVI_4982.MOV,True,train
Adjectives,78. long,Adjectives/78. long/MVI_5187.MOV,True,train
Colours,55. White,Colours/55. White/MVI_3892.MOV,True,train
Animals,5. Cow,Animals/5. Cow/MVI_2991.MOV,True,train
Days_and_Time,67. Monday,Days_and_Time/67. Monday/MVI_5446.MOV,True,train
Clothes,37. Hat,Clothes/37. Hat/MVI_3688.MOV,True,train
People,66. Brother,People/66. Brother/MVI_3781.MOV,True,train
People,77. Boy,People/77. Boy/MVI_4981.MOV,True,train
Pronouns,44. it,Pronouns/44. it/MVI_0078.MOV,True,train
Adjectives,97. dry,Adjectives/97. dry/MVI_5250.MOV,True,train
Home,34. Pen,Home/34. Pen/MVI_4907.MOV,True,train
Jobs,84. Teacher,Jobs/84. Teacher/MVI_8865.MP4,True,train
Colours,47. Red,Colours/47. Red/MVI_5037.MOV,True,train
Days_and_Time,78. Year,Days_and_Time/78. Year/MVI_9176.MP4,True,train
Home,28. Window,Home/28. Window/MVI_4362.MOV,True,train
Seasons,64. Fall,Seasons/64. Fall/MVI_4579.MOV,True,train
Adjectives,87. hot,Adjectives/87. hot/MVI_5217.MOV,True,train
Society,2. Death,Society/2. Death/MVI_8932.MP4,True,train
Adjectives,3. happy,Adjectives/3. happy/MVI_9455.MOV,True,train
People,78. Girl,People/78. Girl/MVI_3966.MOV,True,train
Animals,5. Cow,Animals/5. Cow/MVI_3097.MOV,True,train
Electronics,54. Cell phone,Electronics/54. Cell phone/MVI_5392.MOV,True,train
Pronouns,40. I,Pronouns/40. I/MVI_0001.MOV,True,train
People,66. Brother,People/66. Brother/MVI_5096.MOV,True,train
Jobs,91. Priest,Jobs/91. Priest/MVI_5344.MOV,True,train
Jobs,91. Priest,Jobs/91. Priest/MVI_4488.MOV,True,train
Society,2. Death,Society/2. Death/MVI_8661.MP4,True,train
Adjectives,91. new,Adjectives/91. new/MVI_9500.MOV,True,train
Adjectives,78. long,Adjectives/78. long/MVI_9460.MOV,True,train
Society,14. Election,Society/14. Election/MVI_8713.MP4,True,train
Places,23. Court,Places/23. Court/MVI_3609.MOV,True,train
People,77. Boy,People/77. Boy/MVI_4110.MOV,True,train
Home,40. Paint,Home/40. Paint/MVI_9053.MP4,True,train
Adjectives,91. new,Adjectives/91. new/MVI_5231.MOV,True,train
Days_and_Time,67. Monday,Days_and_Time/67. Monday/MVI_9142.MP4,True,train
Adjectives,83. big large,Adjectives/83. big large/MVI_9316.MOV,True,train
Greetings,51. Good Morning,Greetings/51. Good Morning/MVI_9968.MOV,True,train
Adjectives,84. small little,Adjectives/84. small little/MVI_5286.MOV,True,train
Adjectives,79. short,Adjectives/79. short/MVI_9221.MOV,True,train
Seasons,64. Fall,Seasons/64. Fall/MVI_4577.MOV,True,train
Adjectives,78. long,Adjectives/78. long/MVI_9298.MOV,True,train
Places,19. House,Places/19. House/MVI_3593.MOV,True,train
Adjectives,2. quiet,Adjectives/2. quiet/MVI_5182.MOV,True,train
Pronouns,46. you (plural),Pronouns/46. you (plural)/MVI_9909.MOV,True,train
Greetings,51. Good Morning,Greetings/51. Good Morning/MVI_0048.MOV,True,train
Pronouns,46. you (plural),Pronouns/46. you (plural)/MVI_0022.MOV,True,train
Seasons,64. Fall,Seasons/64. Fall/MVI_4999.MOV,True,train
Adjectives,97. dry,Adjectives/97. dry/MVI_5169.MOV,True,train
Days_and_Time,67. Monday,Days_and_Time/67. Monday/MVI_9143.MP4,True,train
Adjectives,3. happy,Adjectives/3. happy/MVI_9542.MOV,True,train
Days_and_Time,78. Year,Days_and_Time/78. Year/MVI_5048.MOV,True,train
Clothes,44. Shoes,Clothes/44. Shoes/MVI_4888.MOV,True,train
Home,40. Paint,Home/40. Paint/MVI_4927.MOV,True,train
People,78. Girl,People/78. Girl/MVI_3967.MOV,True,train
Adjectives,94. good,Adjectives/94. good/MVI_9512.MOV,True,train
Adjectives,94. good,Adjectives/94. good/MVI_9511.MOV,True,train
Places,28. Store or Shop,Places/28. Store or Shop/MVI_3635.MOV,True,train
Clothes,44. Shoes,Clothes/44. Shoes/MVI_4887.MOV,True,train
Clothes,37. Hat,Clothes/37. Hat/MVI_4867.MOV,True,train
Means_of_Transportation,16. train ticket,Means_of_Transportation/16. train ticket/MVI_4191.MOV,True,train
Places,28. Store or Shop,Places/28. Store or Shop/MVI_3474.MOV,True,train
Days_and_Time,67. Monday,Days_and_Time/67. Monday/MVI_5011.MOV,True,train
Pronouns,44. it,Pronouns/44. it/MVI_9938.MOV,True,train
Adjectives,3. happy,Adjectives/3. happy/MVI_9375.MOV,True,train
People,77. Boy,People/77. Boy/MVI_5132.MOV,True,train
Electronics,54. Cell phone,Electronics/54. Cell phone/MVI_9101.MP4,True,train
Electronics,54. Cell phone,Electronics/54. Cell phone/MVI_5391.MOV,True,train
Jobs,84. Teacher,Jobs/84. Teacher/MVI_5312.MOV,True,train
Days_and_Time,86. Time,Days_and_Time/86. Time/MVI_4670.MOV,True,train
Society,2. Death,Society/2. Death/MVI_8664.MP4,True,train
Greetings,55. Thank you,Greetings/55. Thank you/MVI_0062.MOV,True,train
Adjectives,87. hot,Adjectives/87. hot/MVI_5295.MOV,True,train
Greetings,51. Good Morning,Greetings/51. Good Morning/MVI_0045.MOV,True,train
Greetings,51. Good Morning,Greetings/51. Good Morning/MVI_9970.MOV,True,train
Means_of_Transportation,16. train ticket,Means_of_Transportation/16. train ticket/MVI_3226.MOV,True,train
Electronics,54. Cell phone,Electronics/54. Cell phone/MVI_9102.MP4,True,train
Colours,55. White,Colours/55. White/MVI_4922.MOV,True,train
Places,19. House,Places/19. House/MVI_3513.MOV,True,train
Means_of_Transportation,11. Car,Means_of_Transportation/11. Car/MVI_8583.MP4,True,train
Pronouns,44. it,Pronouns/44. it/MVI_0013.MOV,True,train
Pronouns,46. you (plural),Pronouns/46. you (plural)/MVI_9946.MOV,True,train
Clothes,42. T-Shirt,Clothes/42. T-Shirt/MVI_3851.MOV,True,train
Animals,4. Bird,Clothes/42. T-Shirt/MVI_3851.MOV,True,train
Animals,4. Bird,Animals/4. Bird/MVI_3095.MOV,True,train
Days_and_Time,67. Monday,Days_and_Time/67. Monday/MVI_9144.MP4,True,train
Adjectives,91. new,Adjectives/91. new/MVI_5229.MOV,True,train
People,77. Boy,People/77. Boy/MVI_4983.MOV,True,train
Days_and_Time,78. Year,Days_and_Time/78. Year/MVI_5493.MOV,True,train
People,61. Father,People/61. Father/MVI_5229.MOV,True,train
People,61. Father,People/61. Father/MVI_4223.MOV,True,train
Adjectives,1. loud,Adjectives/1. loud/MVI_9370.MOV,True,train
Adjectives,79. short,Adjectives/79. short/MVI_5110.MOV,True,train
Adjectives,79. short,Adjectives/79. short/MVI_5110.MOV,True,train
Adjectives,97. dry,Adjectives/97. dry/MVI_9439.MOV,True,train
Pronouns,46. you (plural),Pronouns/46. you (plural)/MVI_0021.MOV,True,train
Adjectives,91. new,Adjectives/91. new/MVI_9260.MOV,True,train
Society,14. Election,Society/14. Election/MVI_4840.MOV,True,train
People,66. Brother,People/66. Brother/MVI_4957.MOV,True,train
Places,28. Store or Shop,Places/28. Store or Shop/MVI_3387.MOV,True,train
Electronics,53. Fan,Electronics/53. Fan/MVI_9098.MP4,True,train
People,66. Brother,People/66. Brother/MVI_5244.MOV,True,train
Jobs,91. Priest,Jobs/91. Priest/MVI_4489.MOV,True,train
Adjectives,79. short,Adjectives/79. short/MVI_9381.MOV,True,train
People,77. Boy,People/77. Boy/MVI_3964.MOV,True,train
Home,28. Window,Home/28. Window/MVI_4882.MOV,True,train
Animals,1. Dog,Animals/1. Dog/MVI_3061.MOV,True,train
Clothes,44. Shoes,Clothes/44. Shoes/MVI_3857.MOV,True,train
Society,14. Election,Society/14. Election/MVI_8968.MP4,True,train
Seasons,64. Fall,Seasons/64. Fall/MVI_5001.MOV,True,train
Days_and_Time,86. Time,Days_and_Time/86. Time/MVI_4668.MOV,True,train
People,78. Girl,People/78. Girl/MVI_5135.MOV,True,train
Jobs,84. Teacher,Jobs/84. Teacher/MVI_4746.MOV,True,train
Clothes,42. T-Shirt,Clothes/42. T-Shirt/MVI_8606.MP4,True,train
Greetings,48. Hello,Greetings/48. Hello/MVI_9914.MOV,True,train
People,66. Brother,People/66. Brother/MVI_3928.MOV,True,train
Greetings,51. Good Morning,Greetings/51. Good Morning/MVI_0047.MOV,True,train
Days_and_Time,86. Time,Days_and_Time/86. Time/MVI_5078.MOV,True,train
Adjectives,94. good,Adjectives/94. good/MVI_5238.MOV,True,train
Adjectives,97. dry,Adjectives/97. dry/MVI_5326.MOV,True,train
Animals,5. Cow,Animals/5. Cow/MVI_3017.MOV,True,train
Colours,55. White,Colours/55. White/MVI_3743.MOV,True,train
Colours,55. White,Colours/55. White/MVI_4921.MOV,True,train
Means_of_Transportation,11. Car,Means_of_Transportation/11. Car/MVI_3209.MOV,True,train
Clothes,42. T-Shirt,Clothes/42. T-Shirt/MVI_5169.MOV,True,train
Adjectives,83. big large,Adjectives/83. big large/MVI_5124.MOV,True,train
Pronouns,44. it,Pronouns/44. it/MVI_9970.MOV,True,train
Colours,54. Black,Colours/54. Black/MVI_3889.MOV,True,train
Adjectives,1. loud,Adjectives/1. loud/MVI_5335.MOV,True,train
Adjectives,87. hot,Adjectives/87. hot/MVI_5296.MOV,True,train
Colours,47. Red,Colours/47. Red/MVI_4207.MOV,True,train
Clothes,44. Shoes,Clothes/44. Shoes/MVI_5175.MOV,True,train
Animals,4. Bird,Animals/4. Bird/MVI_3070.MOV,True,train
Animals,5. Cow,Animals/5. Cow/MVI_3099.MOV,True,train
Adjectives,91. new,Adjectives/91. new/MVI_9422.MOV,True,train
Animals,1. Dog,Animals/1. Dog/MVI_3003.MOV,True,train
Adjectives,91. new,Adjectives/91. new/MVI_9341.MOV,True,train
Greetings,55. Thank you,Greetings/55. Thank you/MVI_0061.MOV,True,train
Society,14. Election,Society/14. Election/MVI_4305.MOV,True,train
Adjectives,94. good,Adjectives/94. good/MVI_9269.MOV,True,train
Means_of_Transportation,16. train ticket,Means_of_Transportation/16. train ticket/MVI_3254.MOV,True,train
Adjectives,84. small little,Adjectives/84. small little/MVI_5128.MOV,True,train
Places,28. Store or Shop,Places/28. Store or Shop/MVI_3555.MOV,True,train
Adjectives,84. small little,Adjectives/84. small little/MVI_5126.MOV,True,train
Home,34. Pen,Home/34. Pen/MVI_4908.MOV,True,train
Society,2. Death,Society/2. Death/MVI_8662.MP4,True,train
Greetings,51. Good Morning,Greetings/51. Good Morning/MVI_0098.MOV,True,train
Greetings,51. Good Morning,Greetings/51. Good Morning/MVI_9935.MOV,True,train
People,78. Girl,People/78. Girl/MVI_4113.MOV,True,train
Animals,1. Dog,Animals/1. Dog/MVI_3059.MOV,True,train
People,66. Brother,People/66. Brother/MVI_5095.MOV,True,train
Adjectives,91. new,Adjectives/91. new/MVI_9342.MOV,True,train
Clothes,44. Shoes,Clothes/44. Shoes/MVI_3710.MOV,True,train
Adjectives,91. new,Adjectives/91. new/MVI_9259.MOV,True,train
Places,19. House,Places/19. House/MVI_3435.MOV,True,train
Colours,54. Black,Colours/54. Black/MVI_3888.MOV,True,train
Clothes,44. Shoes,Clothes/44. Shoes/MVI_5177.MOV,True,train
Pronouns,40. I,Pronouns/40. I/MVI_0065.MOV,True,train
Pronouns,44. it,Pronouns/44. it/MVI_0016.MOV,True,train
People,61. Father,People/61. Father/MVI_3910.MOV,True,train
Pronouns,40. I,Pronouns/40. I/MVI_9920.MOV,True,train
Adjectives,79. short,Adjectives/79. short/MVI_9463.MOV,True,train
Animals,4. Bird,Animals/4. Bird/MVI_3094.MOV,True,train
Pronouns,40. I,Pronouns/40. I/MVI_9881.MOV,True,train
Colours,54. Black,Colours/54. Black/MVI_3741.MOV,True,train
Home,40. Paint,Home/40. Paint/MVI_9052.MP4,True,train
Days_and_Time,67. Monday,Days_and_Time/67. Monday/MVI_4592.MOV,True,train
Animals,5. Cow,Animals/5. Cow/MVI_3074.MOV,True,train
Adjectives,1. loud,Adjectives/1. loud/MVI_9450.MOV,True,train
Adjectives,83. big large,Adjectives/83. big large/MVI_9233.MOV,True,train
Places,28. Store or Shop,Places/28. Store or Shop/MVI_3632.MOV,True,train
Society,2. Death,Society/2. Death/MVI_4802.MOV,True,train
Jobs,84. Teacher,Jobs/84. Teacher/MVI_4458.MOV,True,train
Clothes,42. T-Shirt,Clothes/42. T-Shirt/MVI_4881.MOV,True,train
Animals,4. Bird,Animals/4. Bird/MVI_3038.MOV,True,train
Adjectives,2. quiet,Adjectives/2. quiet/MVI_5260.MOV,True,train
Adjectives,97. dry,Adjectives/97. dry/MVI_9277.MOV,True,train
Means_of_Transportation,16. train ticket,Means_of_Transportation/16. train ticket/MVI_3162.MOV,True,train
Pronouns,46. you (plural),Pronouns/46. you (plural)/MVI_0082.MOV,True,train
Pronouns,46. you (plural),Pronouns/46. you (plural)/MVI_9977.MOV,True,train
Clothes,44. Shoes,Clothes/44. Shoes/MVI_5028.MOV,True,train
Greetings,55. Thank you,Greetings/55. Thank you/MVI_9986.MOV,True,train
Clothes,37. Hat,Clothes/37. Hat/MVI_3691.MOV,True,train
Colours,47. Red,Colours/47. Red/MVI_3721.MOV,True,train
Colours,47. Red,Colours/47. Red/MVI_4899.MOV,True,train
Colours,54. Black,Colours/54. Black/MVI_3887.MOV,True,train
Adjectives,91. new,Adjectives/91. new/MVI_5308.MOV,True,train
Home,28. Window,Home/28. Window/MVI_4881.MOV,True,train
Greetings,48. Hello,Greetings/48. Hello/MVI_9955.MOV,True,train
Adjectives,97. dry,Adjectives/97. dry/MVI_9278.MOV,True,train
Places,23. Court,Places/23. Court/MVI_3367.MOV,True,train
Adjectives,2. quiet,Adjectives/2. quiet/MVI_9451.MOV,True,train
Clothes,37. Hat,Clothes/37. Hat/MVI_5154.MOV,True,train
Society,14. Election,Society/14. Election/MVI_8710.MP4,True,train
Adjectives,1. loud,Adjectives/1. loud/MVI_9449.MOV,True,train
Places,35. Bank,Places/35. Bank/MVI_3582.MOV,True,train
Adjectives,97. dry,Adjectives/97. dry/MVI_9441.MOV,True,train
Animals,1. Dog,Animals/1. Dog/MVI_4148.MOV,True,train
Colours,47. Red,Colours/47. Red/MVI_3868.MOV,True,train
People,78. Girl,People/78. Girl/MVI_3819.MOV,True,train
Days_and_Time,67. Monday,Days_and_Time/67. Monday/MVI_4591.MOV,True,train
Days_and_Time,78. Year,Days_and_Time/78. Year/MVI_9178.MP4,True,train
People,77. Boy,People/77. Boy/MVI_3963.MOV,True,train
Jobs,84. Teacher,Jobs/84. Teacher/MVI_5311.MOV,True,train
Adjectives,94. good,Adjectives/94. good/MVI_5318.MOV,True,train
Adjectives,97. dry,Adjectives/97. dry/MVI_5327.MOV,True,train
Adjectives,1. loud,Adjectives/1. loud/MVI_9291.MOV,True,train
Adjectives,3. happy,Adjectives/3. happy/MVI_5184.MOV,True,train
Places,19. House,Places/19. House/MVI_3270.MOV,True,train
Places,35. Bank,Places/35. Bank/MVI_3662.MOV,True,train
Animals,4. Bird,Animals/4. Bird/MVI_8567.MP4,True,train
Adjectives,1. loud,Adjectives/1. loud/MVI_5337.MOV,True,train
Places,28. Store or Shop,Places/28. Store or Shop/MVI_3309.MOV,True,train
Pronouns,40. I,Pronouns/40. I/MVI_9995.MOV,True,train
Adjectives,83. big large,Adjectives/83. big large/MVI_5205.MOV,True,train
Pronouns,44. it,Pronouns/44. it/MVI_9897.MOV,True,train
Means_of_Transportation,16. train ticket,Means_of_Transportation/16. train ticket/MVI_3255.MOV,True,train
Pronouns,40. I,Pronouns/40. I/MVI_9959.MOV,True,train
Clothes,42. T-Shirt,Clothes/42. T-Shirt/MVI_4882.MOV,True,train
Days_and_Time,86. Time,Days_and_Time/86. Time/MVI_4669.MOV,True,train
Home,34. Pen,Home/34. Pen/MVI_4388.MOV,True,train
Animals,1. Dog,Animals/1. Dog/MVI_3028.MOV,True,train
Places,23. Court,Animals/1. Dog/MVI_3028.MOV,True,train
Seasons,61. Summer,Seasons/61. Summer/MVI_5421.MOV,True,train
Clothes,37. Hat,Clothes/37. Hat/MVI_5006.MOV,True,train
Adjectives,79. short,Adjectives/79. short/MVI_5269.MOV,True,train
Greetings,51. Good Morning,Greetings/51. Good Morning/MVI_0100.MOV,True,train
Home,28. Window,Home/28. Window/MVI_4364.MOV,True,train
Animals,1. Dog,Animals/1. Dog/MVI_4146.MOV,True,train
Adjectives,91. new,Adjectives/91. new/MVI_5148.MOV,True,train
Adjectives,97. dry,Adjectives/97. dry/MVI_9440.MOV,True,train
Clothes,44. Shoes,Clothes/44. Shoes/MVI_8608.MP4,True,train
Seasons,64. Fall,Seasons/64. Fall/MVI_5434.MOV,True,train
Home,28. Window,Home/28. Window/MVI_4883.MOV,True,train
Animals,4. Bird,Animals/4. Bird/MVI_3037.MOV,True,train
Home,28. Window,Home/28. Window/MVI_9014.MP4,True,train
Means_of_Transportation,11. Car,Means_of_Transportation/11. Car/MVI_3147.MOV,True,train
Adjectives,1. loud,Adjectives/1. loud/MVI_5257.MOV,True,train
Greetings,55. Thank you,Greetings/55. Thank you/MVI_0063.MOV,True,train
Adjectives,1. loud,Adjectives/1. loud/MVI_9535.MOV,True,train
Clothes,42. T-Shirt,Clothes/42. T-Shirt/MVI_4202.MOV,True,train
People,78. Girl,People/78. Girl/MVI_4984.MOV,True,train
Adjectives,1. loud,Adjectives/1. loud/MVI_5179.MOV,True,train
Greetings,51. Good Morning,Greetings/51. Good Morning/MVI_0042.MOV,True,train
Jobs,91. Priest,Jobs/91. Priest/MVI_4487.MOV,True,train
Means_of_Transportation,16. train ticket,Means_of_Transportation/16. train ticket/MVI_3164.MOV,True,train
Places,23. Court,Places/23. Court/MVI_3455.MOV,True,train
Home,28. Window,Home/28. Window/MVI_8766.MP4,True,train
Animals,1. Dog,Animals/1. Dog/MVI_3002.MOV,True,train
Adjectives,87. hot,Adjectives/87. hot/MVI_9249.MOV,True,train
Greetings,55. Thank you,Greetings/55. Thank you/MVI_0059.MOV,True,train
Adjectives,97. dry,Adjectives/97. dry/MVI_5249.MOV,True,train
Seasons,61. Summer,Seasons/61. Summer/MVI_4566.MOV,True,train
Jobs,91. Priest,Jobs/91. Priest/MVI_5342.MOV,True,train
People,77. Boy,People/77. Boy/MVI_4242.MOV,True,train
Places,28. Store or Shop,Places/28. Store or Shop/MVI_3475.MOV,True,train
Colours,55. White,Colours/55. White/MVI_5061.MOV,True,train
Days_and_Time,86. Time,Days_and_Time/86. Time/MVI_9201.MP4,True,train
Home,34. Pen,Home/34. Pen/MVI_4389.MOV,True,train
Animals,5. Cow,Animals/5. Cow/MVI_3075.MOV,True,train
Adjectives,87. hot,Adjectives/87. hot/MVI_5137.MOV,True,train
Animals,4. Bird,Adjectives/87. hot/MVI_5137.MOV,True,train
Places,23. Court,Places/23. Court/MVI_3533.MOV,True,train
Colours,54. Black,Colours/54. Black/MVI_5058.MOV,True,train
Home,40. Paint,Home/40. Paint/MVI_4928.MOV,True,train
Greetings,55. Thank you,Greetings/55. Thank you/MVI_9950.MOV,True,train
Jobs,84. Teacher,Jobs/84. Teacher/MVI_5310.MOV,True,train
People,66. Brother,People/66. Brother/MVI_4956.MOV,True,train
People,78. Girl,People/78. Girl/MVI_5289.MOV,True,train
Adjectives,3. happy,Adjectives/3. happy/MVI_5342.MOV,True,train
Clothes,42. T-Shirt,Clothes/42. T-Shirt/MVI_3706.MOV,True,train
Adjectives,79. short,Adjectives/79. short/MVI_9301.MOV,True,train
People,66. Brother,People/66. Brother/MVI_4076.MOV,True,train
Animals,4. Bird,People/66. Brother/MVI_4076.MOV,True,train
Pronouns,40. I,Pronouns/40. I/MVI_0012.MOV,True,train
Colours,55. White,Colours/55. White/MVI_4043.MOV,True,train
Jobs,91. Priest,Jobs/91. Priest/MVI_4490.MOV,True,train
Adjectives,97. dry,Adjectives/97. dry/MVI_9360.MOV,True,train
Adjectives,2. quiet,Adjectives/2. quiet/MVI_5261.MOV,True,train
Greetings,48. Hello,Greetings/48. Hello/MVI_9984.MOV,True,train
Adjectives,94. good,Adjectives/94. good/MVI_5316.MOV,True,train
Pronouns,46. you (plural),Pronouns/46. you (plural)/MVI_0031.MOV,True,train
Means_of_Transportation,11. Car,Means_of_Transportation/11. Car/MVI_3211.MOV,True,train
Adjectives,94. good,Adjectives/94. good/MVI_9270.MOV,True,train
Days_and_Time,86. Time,Days_and_Time/86. Time/MVI_9203.MP4,True,train
Seasons,61. Summer,Seasons/61. Summer/MVI_4567.MOV,True,train
Adjectives,3. happy,Adjectives/3. happy/MVI_9454.MOV,True,train
Colours,47. Red,Colours/47. Red/MVI_4017.MOV,True,train
Colours,55. White,Colours/55. White/MVI_5210.MOV,True,train
Adjectives,3. happy,Adjectives/3. happy/MVI_9295.MOV,True,train
Places,19. House,Places/19. House/MVI_3596.MOV,True,train
Adjectives,94. good,Adjectives/94. good/MVI_9510.MOV,True,train
Colours,54. Black,Colours/54. Black/MVI_8619.MP4,True,train
Adjectives,83. big large,Adjectives/83. big large/MVI_5285.MOV,True,train
Adjectives,78. long,Adjectives/78. long/MVI_9378.MOV,True,train
Electronics,53. Fan,Electronics/53. Fan/MVI_4966.MOV,True,train
Adjectives,87. hot,Adjectives/87. hot/MVI_9488.MOV,True,train
Pronouns,44. it,Pronouns/44. it/MVI_9936.MOV,True,train
Adjectives,84. small little,Adjectives/84. small little/MVI_9398.MOV,True,train
People,78. Girl,People/78. Girl/MVI_5137.MOV,True,train
Adjectives,87. hot,Adjectives/87. hot/MVI_5218.MOV,True,train
People,78. Girl,People/78. Girl/MVI_5290.MOV,True,train
Clothes,42. T-Shirt,Clothes/42. T-Shirt/MVI_3705.MOV,True,train
Electronics,53. Fan,Electronics/53. Fan/MVI_5390.MOV,True,train
Colours,47. Red,Colours/47. Red/MVI_5185.MOV,True,train
Greetings,48. Hello,Greetings/48. Hello/MVI_9916.MOV,True,train
People,78. Girl,People/78. Girl/MVI_4114.MOV,True,train
Home,40. Paint,Home/40. Paint/MVI_8818.MP4,True,train
Animals,4. Bird,Animals/4. Bird/MVI_3012.MOV,True,train
Greetings,55. Thank you,Greetings/55. Thank you/MVI_0060.MOV,True,train
Clothes,42. T-Shirt,Clothes/42. T-Shirt/MVI_4883.MOV,True,train
Greetings,55. Thank you,Greetings/55. Thank you/MVI_0058.MOV,True,train
Means_of_Transportation,11. Car,Means_of_Transportation/11. Car/MVI_3117.MOV,True,train
Colours,54. Black,Colours/54. Black/MVI_5060.MOV,True,train
Clothes,37. Hat,Clothes/37. Hat/MVI_4866.MOV,True,train
Colours,55. White,Colours/55. White/MVI_4042.MOV,True,train
Places,19. House,Places/19. House/MVI_3267.MOV,True,train
Jobs,91. Priest,Jobs/91. Priest/MVI_5343.MOV,True,train
Electronics,54. Cell phone,Electronics/54. Cell phone/MVI_4539.MOV,True,train
Adjectives,2. quiet,Adjectives/2. quiet/MVI_9294.MOV,True,train
Animals,1. Dog,Animals/1. Dog/MVI_3004.MOV,True,train
Electronics,53. Fan,Electronics/53. Fan/MVI_4536.MOV,True,train
Pronouns,46. you (plural),Pronouns/46. you (plural)/MVI_9908.MOV,True,train
Clothes,42. T-Shirt,Clothes/42. T-Shirt/MVI_5170.MOV,True,train
Places,23. Court,Places/23. Court/MVI_3370.MOV,True,train
People,77. Boy,People/77. Boy/MVI_4109.MOV,True,train
Animals,1. Dog,Animals/1. Dog/MVI_3085.MOV,True,train
Adjectives,3. happy,Adjectives/3. happy/MVI_9541.MOV,True,train
Adjectives,97. dry,Adjectives/97. dry/MVI_9359.MOV,True,train
Pronouns,40. I,Pronouns/40. I/MVI_9958.MOV,True,train
Adjectives,87. hot,Adjectives/87. hot/MVI_5138.MOV,True,train
Electronics,54. Cell phone,Electronics/54. Cell phone/MVI_4968.MOV,True,train
Greetings,55. Thank you,Greetings/55. Thank you/MVI_0008.MOV,True,train
Pronouns,46. you (plural),Pronouns/46. you (plural)/MVI_9975.MOV,True,train
Home,40. Paint,Home/40. Paint/MVI_4414.MOV,True,train
Colours,55. White,Colours/55. White/MVI_3745.MOV,True,train
Greetings,51. Good Morning,Greetings/51. Good Morning/MVI_9991.MOV,True,train
Adjectives,79. short,Adjectives/79. short/MVI_5189.MOV,True,train
Adjectives,78. long,Adjectives/78. long/MVI_9217.MOV,True,train
Means_of_Transportation,11. Car,Means_of_Transportation/11. Car/MVI_3175.MOV,True,train
Society,2. Death,Society/2. Death/MVI_4258.MOV,True,train
Home,34. Pen,Home/34. Pen/MVI_9033.MP4,True,train
Clothes,37. Hat,Clothes/37. Hat/MVI_3690.MOV,True,train
Pronouns,46. you (plural),Pronouns/46. you (plural)/MVI_0084.MOV,True,train
Adjectives,84. small little,Adjectives/84. small little/MVI_9319.MOV,True,train
Adjectives,3. happy,Adjectives/3. happy/MVI_5341.MOV,True,train
People,61. Father,People/61. Father/MVI_5227.MOV,True,train
Adjectives,78. long,Adjectives/78. long/MVI_9218.MOV,True,train
Greetings,48. Hello,Greetings/48. Hello/MVI_9954.MOV,True,train
Adjectives,87. hot,Adjectives/87. hot/MVI_9330.MOV,True,train
Places,23. Court,Places/23. Court/MVI_3454.MOV,True,train
Clothes,37. Hat,Clothes/37. Hat/MVI_5007.MOV,True,train
Pronouns,40. I,Pronouns/40. I/MVI_9918.MOV,True,train
Days_and_Time,78. Year,Days_and_Time/78. Year/MVI_5047.MOV,True,train
Pronouns,40. I,Pronouns/40. I/MVI_0013.MOV,True,train
Adjectives,87. hot,Adjectives/87. hot/MVI_5297.MOV,True,train
Animals,5. Cow,Animals/5. Cow/MVI_3015.MOV,True,train
People,66. Brother,People/66. Brother/MVI_4955.MOV,True,train
Adjectives,94. good,Adjectives/94. good/MVI_5317.MOV,True,train
Jobs,91. Priest,Jobs/91. Priest/MVI_4771.MOV,True,train
Jobs,91. Priest,Jobs/91. Priest/MVI_4770.MOV,True,train
Clothes,44. Shoes,Clothes/44. Shoes/MVI_3712.MOV,True,train
Adjectives,3. happy,Adjectives/3. happy/MVI_5265.MOV,True,train
Animals,4. Bird,Animals/4. Bird/MVI_3072.MOV,True,train
Days_and_Time,86. Time,Days_and_Time/86. Time/MVI_9202.MP4,True,train
Adjectives,91. new,Adjectives/91. new/MVI_5151.MOV,True,train
Greetings,51. Good Morning,Greetings/51. Good Morning/MVI_0043.MOV,True,train
Pronouns,46. you (plural),Pronouns/46. you (plural)/MVI_0030.MOV,True,train
People,61. Father,People/61. Father/MVI_4942.MOV,True,train
Places,28. Store or Shop,Places/28. Store or Shop/MVI_3473.MOV,True,train
Adjectives,2. quiet,Adjectives/2. quiet/MVI_5262.MOV,True,train
Society,2. Death,Society/2. Death/MVI_8930.MP4,True,train
Electronics,53. Fan,Electronics/53. Fan/MVI_4965.MOV,True,train
Home,28. Window,Home/28. Window/MVI_8767.MP4,True,train
People,61. Father,People/61. Father/MVI_3912.MOV,True,train
People,61. Father,People/61. Father/MVI_3763.MOV,True,train
Adjectives,84. small little,Adjectives/84. small little/MVI_9479.MOV,True,train
Adjectives,84. small little,Adjectives/84. small little/MVI_9321.MOV,True,train
Adjectives,87. hot,Adjectives/87. hot/MVI_9247.MOV,True,train
Days_and_Time,78. Year,Days_and_Time/78. Year/MVI_5492.MOV,True,train
Home,34. Pen,Home/34. Pen/MVI_8791.MP4,True,train
Pronouns,40. I,Pronouns/40. I/MVI_9957.MOV,True,train
Clothes,44. Shoes,Clothes/44. Shoes/MVI_5176.MOV,True,train
Adjectives,97. dry,Adjectives/97. dry/MVI_9522.MOV,True,train
Electronics,54. Cell phone,Electronics/54. Cell phone/MVI_9100.MP4,True,train
Adjectives,84. small little,Adjectives/84. small little/MVI_9478.MOV,True,train
Adjectives,94. good,Adjectives/94. good/MVI_5160.MOV,True,train
Pronouns,44. it,Pronouns/44. it/MVI_0025.MOV,True,train
Greetings,48. Hello,Greetings/48. Hello/MVI_9956.MOV,True,train
Adjectives,78. long,Adjectives/78. long/MVI_9459.MOV,True,train
Adjectives,79. short,Adjectives/79. short/MVI_9461.MOV,True,train
Means_of_Transportation,16. train ticket,Means_of_Transportation/16. train ticket/MVI_3133.MOV,True,train
Pronouns,46. you (plural),Pronouns/46. you (plural)/MVI_0023.MOV,True,train
Animals,4. Bird,Animals/4. Bird/MVI_4157.MOV,True,train
Jobs,91. Priest,Jobs/91. Priest/MVI_4486.MOV,True,train
Places,23. Court,Places/23. Court/MVI_3287.MOV,True,train
Adjectives,94. good,Adjectives/94. good/MVI_9351.MOV,True,train
Home,34. Pen,Home/34. Pen/MVI_9032.MP4,True,train
People,61. Father,People/61. Father/MVI_5228.MOV,True,train
Places,28. Store or Shop,People/61. Father/MVI_5228.MOV,True,train
People,77. Boy,People/77. Boy/MVI_4112.MOV,True,train
Days_and_Time,86. Time,Days_and_Time/86. Time/MVI_5526.MOV,True,train
People,61. Father,People/61. Father/MVI_5081.MOV,True,train
Seasons,61. Summer,Seasons/61. Summer/MVI_4990.MOV,True,train
Home,40. Paint,Home/40. Paint/MVI_4926.MOV,True,train
Animals,5. Cow,Animals/5. Cow/MVI_8569.MP4,True,train
Adjectives,78. long,Adjectives/78. long/MVI_5107.MOV,True,train
Clothes,37. Hat,Clothes/37. Hat/MVI_4197.MOV,True,train
Home,34. Pen,Home/34. Pen/MVI_9034.MP4,True,train
Seasons,64. Fall,Seasons/64. Fall/MVI_9133.MP4,True,train
Animals,4. Bird,Animals/4. Bird/MVI_3071.MOV,True,train
Colours,47. Red,Colours/47. Red/MVI_3867.MOV,True,train
Greetings,51. Good Morning,Greetings/51. Good Morning/MVI_9934.MOV,True,train
Adjectives,94. good,Adjectives/94. good/MVI_9268.MOV,True,train
Colours,55. White,Colours/55. White/MVI_4216.MOV,True,train
People,77. Boy,People/77. Boy/MVI_5133.MOV,True,train
Adjectives,3. happy,Adjectives/3. happy/MVI_9374.MOV,True,train
Adjectives,84. small little,Adjectives/84. small little/MVI_9400.MOV,True,train
Clothes,44. Shoes,Clothes/44. Shoes/MVI_5030.MOV,True,train
Society,14. Election,Society/14. Election/MVI_4304.MOV,True,train
Adjectives,2. quiet,Adjectives/2. quiet/MVI_9373.MOV,True,train
People,61. Father,People/61. Father/MVI_4941.MOV,True,train
Animals,5. Cow,Animals/5. Cow/MVI_8570.MP4,True,train
Adjectives,79. short,Adjectives/79. short/MVI_5111.MOV,True,train
Clothes,37. Hat,Clothes/37. Hat/MVI_3835.MOV,True,train
Greetings,55. Thank you,Greetings/55. Thank you/MVI_0007.MOV,True,train
Adjectives,84. small little,Adjectives/84. small little/MVI_9238.MOV,True,train
Animals,5. Cow,Animals/5. Cow/MVI_3049.MOV,True,train
Adjectives,2. quiet,Adjectives/2. quiet/MVI_9292.MOV,True,train
Places,35. Bank,Places/35. Bank/MVI_3500.MOV,True,train
Seasons,64. Fall,Seasons/64. Fall/MVI_9134.MP4,True,train
Pronouns,40. I,Pronouns/40. I/MVI_0002.MOV,True,train
Pronouns,46. you (plural),Pronouns/46. you (plural)/MVI_0024.MOV,True,train
Home,40. Paint,Home/40. Paint/MVI_8819.MP4,True,train
Adjectives,78. long,Adjectives/78. long/MVI_9458.MOV,True,train
Places,19. House,Places/19. House/MVI_3437.MOV,True,train
Adjectives,91. new,Adjectives/91. new/MVI_5307.MOV,True,train
Adjectives,84. small little,Adjectives/91. new/MVI_5307.MOV,True,train
Adjectives,84. small little,Adjectives/84. small little/MVI_5207.MOV,True,train
Adjectives,83. big large,Adjectives/83. big large/MVI_9477.MOV,True,train
Adjectives,83. big large,Adjectives/83. big large/MVI_9476.MOV,True,train
Adjectives,83. big large,Adjectives/83. big large/MVI_9235.MOV,True,train
Animals,4. Bird,Animals/4. Bird/MVI_3040.MOV,True,train
Society,14. Election,Society/14. Election/MVI_8712.MP4,True,train
Greetings,55. Thank you,Greetings/55. Thank you/MVI_9949.MOV,True,train
Society,14. Election,Society/14. Election/MVI_8969.MP4,True,train
Colours,47. Red,Colours/47. Red/MVI_5039.MOV,True,train
Adjectives,91. new,Adjectives/91. new/MVI_9340.MOV,True,train
Adjectives,83. big large,Adjectives/83. big large/MVI_9394.MOV,True,train
Pronouns,44. it,Pronouns/44. it/MVI_9937.MOV,True,train
Places,35. Bank,Places/35. Bank/MVI_3663.MOV,True,train
Colours,54. Black,Colours/54. Black/MVI_4918.MOV,True,train
Adjectives,3. happy,Adjectives/3. happy/MVI_5343.MOV,True,train
Colours,55. White,Colours/55. White/MVI_4044.MOV,True,train
Electronics,53. Fan,Electronics/53. Fan/MVI_5389.MOV,True,train
Places,28. Store or Shop,Places/28. Store or Shop/MVI_3554.MOV,True,train
Animals,5. Cow,Animals/5. Cow/MVI_3098.MOV,True,train
Means_of_Transportation,16. train ticket,Means_of_Transportation/16. train ticket/MVI_3194.MOV,True,train
Home,34. Pen,Home/34. Pen/MVI_8794.MP4,True,train
Places,28. Store or Shop,Places/28. Store or Shop/MVI_3553.MOV,True,train
Means_of_Transportation,11. Car,Means_of_Transportation/11. Car/MVI_3210.MOV,True,train
Greetings,51. Good Morning,Greetings/51. Good Morning/MVI_0046.MOV,True,train
People,61. Father,People/61. Father/MVI_4060.MOV,True,train
Seasons,61. Summer,Seasons/61. Summer/MVI_4992.MOV,True,train
Animals,5. Cow,Animals/5. Cow/MVI_3046.MOV,True,train
Places,23. Court,Places/23. Court/MVI_3285.MOV,True,train
Animals,4. Bird,Places/23. Court/MVI_3285.MOV,True,train
Colours,47. Red,Colours/47. Red/MVI_3719.MOV,True,train
Greetings,48. Hello,Greetings/48. Hello/MVI_9917.MOV,True,train
Means_of_Transportation,16. train ticket,Means_of_Transportation/16. train ticket/MVI_3224.MOV,True,train
Adjectives,84. small little,Adjectives/84. small little/MVI_9480.MOV,True,train
Seasons,64. Fall,Seasons/64. Fall/MVI_5000.MOV,True,train
Places,35. Bank,Seasons/64. Fall/MVI_5000.MOV,True,train
Animals,4. Bird,Animals/4. Bird/MVI_4156.MOV,True,val
Home,34. Pen,Home/34. Pen/MVI_8795.MP4,True,val
Society,2. Death,Society/2. Death/MVI_8663.MP4,True,val
Places,35. Bank,Places/35. Bank/MVI_3421.MOV,True,val
Clothes,44. Shoes,Clothes/44. Shoes/MVI_4008.MOV,True,val
Adjectives,3. happy,Adjectives/3. happy/MVI_9376.MOV,True,val
Adjectives,84. small little,Adjectives/84. small little/MVI_9237.MOV,True,val
Days_and_Time,78. Year,Days_and_Time/78. Year/MVI_9175.MP4,True,val
Adjectives,2. quiet,Adjectives/2. quiet/MVI_9537.MOV,True,val
Places,19. House,Places/19. House/MVI_3514.MOV,True,val
People,78. Girl,People/78. Girl/MVI_4115.MOV,True,val
Clothes,44. Shoes,Clothes/44. Shoes/MVI_3856.MOV,True,val
Adjectives,3. happy,Adjectives/3. happy/MVI_9456.MOV,True,val
Pronouns,46. you (plural),Pronouns/46. you (plural)/MVI_0032.MOV,True,val
Adjectives,78. long,Adjectives/78. long/MVI_5267.MOV,True,val
Colours,47. Red,Colours/47. Red/MVI_4897.MOV,True,val
People,78. Girl,People/78. Girl/MVI_4986.MOV,True,val
People,61. Father,People/61. Father/MVI_3909.MOV,True,val
Adjectives,1. loud,Adjectives/1. loud/MVI_9534.MOV,True,val
Means_of_Transportation,11. Car,Means_of_Transportation/11. Car/MVI_3118.MOV,True,val
Pronouns,40. I,Pronouns/40. I/MVI_9922.MOV,True,val
Means_of_Transportation,11. Car,Means_of_Transportation/11. Car/MVI_3240.MOV,True,val
Days_and_Time,86. Time,Days_and_Time/86. Time/MVI_9204.MP4,True,val
Clothes,42. T-Shirt,Clothes/42. T-Shirt/MVI_5171.MOV,True,val
Animals,1. Dog,Animals/1. Dog/MVI_8561.MP4,True,val
Clothes,37. Hat,Clothes/37. Hat/MVI_3837.MOV,True,val
People,61. Father,People/61. Father/MVI_8626.MP4,True,val
Adjectives,1. loud,Adjectives/1. loud/MVI_5178.MOV,True,val
Places,28. Store or Shop,Places/28. Store or Shop/MVI_3633.MOV,True,val
Adjectives,87. hot,Adjectives/87. hot/MVI_9410.MOV,True,val
Home,40. Paint,Home/40. Paint/MVI_8820.MP4,True,val
People,66. Brother,People/66. Brother/MVI_5245.MOV,True,val
Jobs,91. Priest,Jobs/91. Priest/MVI_8888.MP4,True,val
Adjectives,84. small little,Adjectives/84. small little/MVI_5208.MOV,True,val
Places,28. Store or Shop,Places/28. Store or Shop/MVI_3307.MOV,True,val
Adjectives,79. short,Adjectives/79. short/MVI_9302.MOV,True,val
Clothes,42. T-Shirt,Clothes/42. T-Shirt/MVI_5023.MOV,True,val
Places,23. Court,Places/23. Court/MVI_3284.MOV,True,val
People,77. Boy,People/77. Boy/MVI_3962.MOV,True,val
Animals,5. Cow,Animals/5. Cow/MVI_4159.MOV,True,val
Home,28. Window,Home/28. Window/MVI_9013.MP4,True,val
Adjectives,97. dry,Adjectives/97. dry/MVI_9361.MOV,True,val
Seasons,61. Summer,Seasons/61. Summer/MVI_5422.MOV,True,val
Greetings,48. Hello,Greetings/48. Hello/MVI_0039.MOV,True,val
Adjectives,97. dry,Adjectives/97. dry/MVI_5248.MOV,True,val
Pronouns,40. I,Pronouns/40. I/MVI_0003.MOV,True,val
Pronouns,44. it,Pronouns/44. it/MVI_9939.MOV,True,val
Adjectives,2. quiet,Adjectives/2. quiet/MVI_5340.MOV,True,val
Society,14. Election,Society/14. Election/MVI_4306.MOV,True,val
People,66. Brother,People/66. Brother/MVI_3778.MOV,True,val
Greetings,51. Good Morning,Greetings/51. Good Morning/MVI_0099.MOV,True,val
Means_of_Transportation,16. train ticket,Means_of_Transportation/16. train ticket/MVI_4192.MOV,True,val
Pronouns,46. you (plural),Pronouns/46. you (plural)/MVI_9945.MOV,True,val
Adjectives,91. new,Adjectives/91. new/MVI_9261.MOV,True,val
Adjectives,94. good,Adjectives/94. good/MVI_5159.MOV,True,val
Places,23. Court,Places/23. Court/MVI_3532.MOV,True,val
People,77. Boy,People/77. Boy/MVI_3815.MOV,True,val
Places,19. House,Places/19. House/MVI_3269.MOV,True,val
Colours,54. Black,Colours/54. Black/MVI_4039.MOV,True,val
Greetings,55. Thank you,Greetings/55. Thank you/MVI_0112.MOV,True,val
Electronics,53. Fan,Electronics/53. Fan/MVI_4964.MOV,True,val
Greetings,51. Good Morning,Greetings/51. Good Morning/MVI_0044.MOV,True,val
Adjectives,83. big large,Adjectives/83. big large/MVI_5125.MOV,True,val
Colours,55. White,Colours/55. White/MVI_3744.MOV,True,val
Adjectives,79. short,Adjectives/79. short/MVI_5190.MOV,True,val
Electronics,54. Cell phone,Electronics/54. Cell phone/MVI_5394.MOV,True,val
Colours,55. White,Colours/55. White/MVI_5063.MOV,True,val
Days_and_Time,67. Monday,Days_and_Time/67. Monday/MVI_5448.MOV,True,val
Jobs,84. Teacher,Jobs/84. Teacher/MVI_4745.MOV,True,val
Adjectives,91. new,Adjectives/91. new/MVI_9423.MOV,True,val
Seasons,64. Fall,Seasons/64. Fall/MVI_5433.MOV,True,val
Adjectives,83. big large,Adjectives/83. big large/MVI_9396.MOV,True,val
Animals,4. Bird,Animals/4. Bird/MVI_3011.MOV,True,val
Adjectives,94. good,Adjectives/94. good/MVI_9350.MOV,True,val
Colours,47. Red,Colours/47. Red/MVI_3866.MOV,True,val
Places,35. Bank,Places/35. Bank/MVI_3661.MOV,True,val
Animals,5. Cow,Animals/5. Cow/MVI_4158.MOV,True,val
Greetings,51. Good Morning,Greetings/51. Good Morning/MVI_9992.MOV,True,test
Days_and_Time,78. Year,Days_and_Time/78. Year/MVI_4638.MOV,True,test
Electronics,53. Fan,Electronics/53. Fan/MVI_4535.MOV,True,test
Electronics,54. Cell phone,Electronics/54. Cell phone/MVI_4967.MOV,True,test
Greetings,48. Hello,Greetings/48. Hello/MVI_0031.MOV,True,test
Adjectives,84. small little,Adjectives/84. small little/MVI_9320.MOV,True,test
Adjectives,79. short,Adjectives/79. short/MVI_9303.MOV,True,test
Adjectives,87. hot,Adjectives/87. hot/MVI_9248.MOV,True,test
Places,35. Bank,Places/35. Bank/MVI_3584.MOV,True,test
Adjectives,79. short,Adjectives/79. short/MVI_5191.MOV,True,test
Clothes,42. T-Shirt,Clothes/42. T-Shirt/MVI_3704.MOV,True,test
Clothes,37. Hat,Clothes/37. Hat/MVI_4865.MOV,True,test
Means_of_Transportation,11. Car,Means_of_Transportation/11. Car/MVI_3145.MOV,True,test
Adjectives,2. quiet,Adjectives/2. quiet/MVI_9539.MOV,True,test
Society,14. Election,Society/14. Election/MVI_4841.MOV,True,test
Pronouns,46. you (plural),Pronouns/46. you (plural)/MVI_9948.MOV,True,test
People,77. Boy,People/77. Boy/MVI_4111.MOV,True,test
Adjectives,94. good,Adjectives/94. good/MVI_9430.MOV,True,test
People,78. Girl,People/78. Girl/MVI_4985.MOV,True,test
People,77. Boy,People/77. Boy/MVI_5134.MOV,True,test
Days_and_Time,67. Monday,Days_and_Time/67. Monday/MVI_5447.MOV,True,test
Adjectives,84. small little,Adjectives/84. small little/MVI_5127.MOV,True,test
Adjectives,3. happy,Adjectives/3. happy/MVI_9297.MOV,True,test
Places,35. Bank,Places/35. Bank/MVI_3419.MOV,True,test
Greetings,55. Thank you,Greetings/55. Thank you/MVI_0060_.MOV,True,test
Jobs,84. Teacher,Jobs/84. Teacher/MVI_5313.MOV,True,test
Places,28. Store or Shop,Places/28. Store or Shop/MVI_3384.MOV,True,test
Adjectives,87. hot,Adjectives/87. hot/MVI_9489.MOV,True,test
People,61. Father,People/61. Father/MVI_5082.MOV,True,test
Places,23. Court,Places/23. Court/MVI_3365.MOV,True,test
Greetings,55. Thank you,Greetings/55. Thank you/MVI_9984.MOV,True,test
Clothes,44. Shoes,Clothes/44. Shoes/MVI_4889.MOV,True,test
Electronics,54. Cell phone,Electronics/54. Cell phone/MVI_4537.MOV,True,test
Electronics,54. Cell phone,Electronics/54. Cell phone/MVI_5393.MOV,True,test
Days_and_Time,78. Year,Days_and_Time/78. Year/MVI_5494.MOV,True,test
Animals,5. Cow,Animals/5. Cow/MVI_3048.MOV,True,test
Animals,1. Dog,Animals/1. Dog/MVI_8560.MP4,True,test
Adjectives,78. long,Adjectives/78. long/MVI_9379.MOV,True,test
Means_of_Transportation,16. train ticket,Means_of_Transportation/16. train ticket/MVI_3195.MOV,True,test
People,77. Boy,People/77. Boy/MVI_8644.MP4,True,test
Days_and_Time,86. Time,Days_and_Time/86. Time/MVI_5527.MOV,True,test
Seasons,64. Fall,Seasons/64. Fall/MVI_5435.MOV,True,test
Pronouns,40. I,Pronouns/40. I/MVI_0014.MOV,True,test
Pronouns,40. I,Pronouns/40. I/MVI_9880.MOV,True,test
Clothes,37. Hat,Clothes/37. Hat/MVI_8600.MP4,True,test
Clothes,44. Shoes,Clothes/44. Shoes/MVI_5029.MOV,True,test
Adjectives,87. hot,Adjectives/87. hot/MVI_9487.MOV,True,test
Adjectives,83. big large,Adjectives/83. big large/MVI_5283.MOV,True,test
Adjectives,1. loud,Adjectives/1. loud/MVI_9369.MOV,True,test
Means_of_Transportation,16. train ticket,Means_of_Transportation/16. train ticket/MVI_8597.MP4,True,test
Animals,1. Dog,Animals/1. Dog/MVI_3029.MOV,True,test
People,78. Girl,People/78. Girl/MVI_5136.MOV,True,test
Greetings,48. Hello,Greetings/48. Hello/MVI_9957.MOV,True,test
Greetings,55. Thank you,Greetings/55. Thank you/MVI_0006.MOV,True,test
Pronouns,44. it,Pronouns/44. it/MVI_9969.MOV,True,test
Greetings,55. Thank you,Greetings/55. Thank you/MVI_0113.MOV,True,test
Pronouns,44. it,Pronouns/44. it/MVI_9971.MOV,True,test
Days_and_Time,86. Time,Days_and_Time/86. Time/MVI_5525.MOV,True,test
Adjectives,87. hot,Adjectives/87. hot/MVI_9408.MOV,True,test
Jobs,84. Teacher,Jobs/84. Teacher/MVI_4460.MOV,True,test
Adjectives,79. short,Adjectives/79. short/MVI_9220.MOV,True,test
Adjectives,83. big large,Adjectives/83. big large/MVI_9475.MOV,True,test
Means_of_Transportation,16. train ticket,Means_of_Transportation/16. train ticket/MVI_3225.MOV,True,test
Adjectives,1. loud,Adjectives/1. loud/MVI_9289.MOV,True,test
Animals,5. Cow,Animals/5. Cow/MVI_3073.MOV,True,test
Adjectives,1. loud,Adjectives/1. loud/MVI_5258.MOV,True,test
Pronouns,44. it,Pronouns/44. it/MVI_9900.MOV,True,test
Adjectives,91. new,Adjectives/91. new/MVI_5230.MOV,True,test
Home,28. Window,Home/28. Window/MVI_9015.MP4,True,test
Pronouns,46. you (plural),Pronouns/46. you (plural)/MVI_9907.MOV,True,test
Home,28. Window,Home/28. Window/MVI_4363.MOV,True,test
Places,35. Bank,Places/35. Bank/MVI_3335.MOV,True,test
Colours,54. Black,Colours/54. Black/MVI_4920.MOV,True,test
Society,2. Death,Society/2. Death/MVI_4255.MOV,True,test
Home,40. Paint,Home/40. Paint/MVI_4415.MOV,True,test
Pronouns,44. it,Pronouns/44. it/MVI_9899.MOV,True,test
Greetings,55. Thank you,Greetings/55. Thank you/MVI_9987.MOV,True,test
Adjectives,87. hot,Adjectives/87. hot/MVI_5216.MOV,True,test
Places,23. Court,Places/23. Court/MVI_3286.MOV,True,test
Places,28. Store or Shop,Places/28. Store or Shop/MVI_3552.MOV,True,test
Seasons,61. Summer,Seasons/61. Summer/MVI_4991.MOV,True,test
Animals,1. Dog,Animals/1. Dog/MVI_4147.MOV,True,test
Animals,4. Bird,Animals/4. Bird/MVI_2988.MOV,True,test
Days_and_Time,67. Monday,Days_and_Time/67. Monday/MVI_4593.MOV,True,test
Seasons,61. Summer,Seasons/61. Summer/MVI_9122.MP4,True,test
Colours,55. White,Colours/55. White/MVI_5211.MOV,True,test
Home,40. Paint,Home/40. Paint/MVI_8821.MP4,True,test
Greetings,48. Hello,Greetings/48. Hello/MVI_0029.MOV,True,test
Colours,54. Black,Colours/54. Black/MVI_3740.MOV,True,test
Adjectives,1. loud,Adjectives/1. loud/MVI_9536.MOV,True,test
People,66. Brother,People/66. Brother/MVI_5097.MOV,True,test
Adjectives,2. quiet,Adjectives/2. quiet/MVI_5180.MOV,True,test
Seasons,61. Summer,Seasons/61. Summer/MVI_4568.MOV,True,test
Means_of_Transportation,16. train ticket,Means_of_Transportation/16. train ticket/MVI_3132.MOV,True,test
Pronouns,44. it,Pronouns/44. it/MVI_0076.MOV,True,test
Clothes,37. Hat,Clothes/37. Hat/MVI_3836.MOV,True,test
Seasons,64. Fall,Seasons/64. Fall/MVI_4578.MOV,True,test
Means_of_Transportation,11. Car,Means_of_Transportation/11. Car/MVI_3174.MOV,True,test
Adjectives,83. big large,Adjectives/83. big large/MVI_5203.MOV,True,test
Adjectives,78. long,Adjectives/78. long/MVI_9219.MOV,True,test
Adjectives,78. long,Adjectives/78. long/MVI_9300.MOV,True,test
Places,35. Bank,Places/35. Bank/MVI_3338.MOV,True,test
Colours,54. Black,Colours/54. Black/MVI_5207.MOV,True,test
Society,2. Death,Society/2. Death/MVI_8931.MP4,True,test
Clothes,44. Shoes,Clothes/44. Shoes/MVI_4010.MOV,True,test
Days_and_Time,78. Year,Days_and_Time/78. Year/MVI_4636.MOV,True,test
Places,28. Store or Shop,Places/28. Store or Shop/MVI_3472.MOV,True,test
Jobs,84. Teacher,Jobs/84. Teacher/MVI_4457.MOV,True,test
Adjectives,94. good,Adjectives/94. good/MVI_5158.MOV,True,test
Animals,5. Cow,Animals/5. Cow/MVI_3016.MOV,True,test
Days_and_Time,78. Year,Days_and_Time/78. Year/MVI_4635.MOV,True,test
Greetings,51. Good Morning,Greetings/51. Good Morning/MVI_9971.MOV,True,test
Greetings,55. Thank you,Greetings/55. Thank you/MVI_9948.MOV,True,test
Means_of_Transportation,16. train ticket,Means_of_Transportation/16. train ticket/MVI_3253.MOV,True,test
Adjectives,78. long,Adjectives/78. long/MVI_5268.MOV,True,test
Places,35. Bank,Places/35. Bank/MVI_3503.MOV,True,test
Adjectives,78. long,Adjectives/78. long/MVI_5106.MOV,True,test
Places,19. House,Adjectives/78. long/MVI_5106.MOV,True,test
Adjectives,84. small little,Adjectives/84. small little/MVI_5206.MOV,True,test
Colours,47. Red,Colours/47. Red/MVI_5186.MOV,True,test
Clothes,44. Shoes,Clothes/44. Shoes/MVI_3858.MOV,True,test
People,66. Brother,People/66. Brother/MVI_3927.MOV,True,test
Pronouns,44. it,Pronouns/44. it/MVI_0024.MOV,True,test
Means_of_Transportation,11. Car,Means_of_Transportation/11. Car/MVI_3116.MOV,True,test
Society,14. Election,Society/14. Election/MVI_8967.MP4,True,test
Adjectives,78. long,Adjectives/78. long/MVI_9377.MOV,True,test
Places,35. Bank,Places/35. Bank/MVI_3581.MOV,True,test
Adjectives,3. happy,Adjectives/3. happy/MVI_5263.MOV,True,test
Greetings,48. Hello,Greetings/48. Hello/MVI_0030.MOV,True,test
Electronics,54. Cell phone,Electronics/54. Cell phone/MVI_4969.MOV,True,test
Greetings,51. Good Morning,Greetings/51. Good Morning/MVI_9993.MOV,True,test
Colours,47. Red,Colours/47. Red/MVI_4898.MOV,True,test
Adjectives,83. big large,Adjectives/83. big large/MVI_9395.MOV,True,test
Days_and_Time,78. Year,Days_and_Time/78. Year/MVI_4637.MOV,True,test
Animals,1. Dog,Animals/1. Dog/MVI_3086.MOV,True,test
Adjectives,94. good,Adjectives/94. good/MVI_5239.MOV,True,test
Pronouns,44. it,Pronouns/44. it/MVI_0077.MOV,True,test
Adjectives,1. loud,Adjectives/1. loud/MVI_5177.MOV,True,test
Adjectives,79. short,Adjectives/79. short/MVI_5271.MOV,True,test
Adjectives,3. happy,Adjectives/3. happy/MVI_5183.MOV,True,test
Animals,1. Dog,Animals/1. Dog/MVI_2978.MOV,True,test
Home,28. Window,Home/28. Window/MVI_8768.MP4,True,test
Days_and_Time,78. Year,Days_and_Time/78. Year/MVI_9177.MP4,True,test
People,66. Brother,People/66. Brother/MVI_3929.MOV,True,test
Pronouns,40. I,Pronouns/40. I/MVI_0064.MOV,True,test
Adjectives,91. new,Adjectives/91. new/MVI_5150.MOV,True,test
Adjectives,91. new,Adjectives/91. new/MVI_9501.MOV,True,test
Means_of_Transportation,16. train ticket,Means_of_Transportation/16. train ticket/MVI_3197.MOV,True,test
Society,2. Death,Society/2. Death/MVI_4801.MOV,True,test
Society,2. Death,Society/2. Death/MVI_4256.MOV,True,test
Animals,1. Dog,Animals/1. Dog/MVI_3087.MOV,True,test
Clothes,42. T-Shirt,Clothes/42. T-Shirt/MVI_4004.MOV,True,test
Adjectives,79. short,Adjectives/79. short/MVI_9462.MOV,True,test
Electronics,53. Fan,Electronics/53. Fan/MVI_5388.MOV,True,test
Home,34. Pen,Home/34. Pen/MVI_4906.MOV,True,test
Clothes,37. Hat,Clothes/37. Hat/MVI_5156.MOV,True,test
Greetings,48. Hello,Greetings/48. Hello/MVI_0091.MOV,True,test
Clothes,37. Hat,Clothes/37. Hat/MVI_5155.MOV,True,test
Greetings,48. Hello,Greetings/48. Hello/MVI_9915.MOV,True,test
Greetings,55. Thank you,Greetings/55. Thank you/MVI_9951.MOV,True,test
People,77. Boy,People/77. Boy/MVI_5287.MOV,True,test
Society,2. Death,Society/2. Death/MVI_4800.MOV,True,test
Electronics,53. Fan,Electronics/53. Fan/MVI_5387.MOV,True,test
Pronouns,46. you (plural),Pronouns/46. you (plural)/MVI_9905.MOV,True,test
Places,23. Court,Places/23. Court/MVI_3611.MOV,True,test
Places,28. Store or Shop,Places/28. Store or Shop/MVI_3634.MOV,True,test
Animals,1. Dog,Animals/1. Dog/MVI_2980.MOV,True,test
Clothes,42. T-Shirt,Clothes/42. T-Shirt/MVI_3852.MOV,True,test
Means_of_Transportation,16. train ticket,Means_of_Transportation/16. train ticket/MVI_4193.MOV,True,test
Pronouns,44. it,Pronouns/44. it/MVI_0015.MOV,True,test
Jobs,91. Priest,Jobs/91. Priest/MVI_4772.MOV,True,test
Greetings,51. Good Morning,Greetings/51. Good Morning/MVI_9969.MOV,True,test
Pronouns,44. it,Pronouns/44. it/MVI_0026.MOV,True,test
Seasons,64. Fall,Seasons/64. Fall/MVI_9132.MP4,True,test
Home,40. Paint,Home/40. Paint/MVI_8817.MP4,True,test
People,66. Brother,People/66. Brother/MVI_4077.MOV,True,test
Clothes,37. Hat,Clothes/37. Hat/MVI_3984.MOV,True,test
Colours,54. Black,Colours/54. Black/MVI_3742.MOV,True,test
Adjectives,84. small little,Adjectives/84. small little/MVI_9397.MOV,True,test
Adjectives,1. loud,Adjectives/1. loud/MVI_5259.MOV,True,test
Greetings,48. Hello,Greetings/48. Hello/MVI_9982.MOV,True,test
Days_and_Time,86. Time,Days_and_Time/86. Time/MVI_5077.MOV,True,test
People,66. Brother,People/66. Brother/MVI_3779.MOV,True,test
Adjectives,87. hot,Adjectives/87. hot/MVI_9329.MOV,True,test
People,61. Father,People/61. Father/MVI_5080.MOV,True,test
Adjectives,79. short,Adjectives/79. short/MVI_9222.MOV,True,test
Means_of_Transportation,16. train ticket,Means_of_Transportation/16. train ticket/MVI_3163.MOV,True,test
Means_of_Transportation,11. Car,Means_of_Transportation/11. Car/MVI_3176.MOV,True,test
Adjectives,2. quiet,Adjectives/2. quiet/MVI_9372.MOV,True,test
Home,34. Pen,Home/34. Pen/MVI_8793.MP4,True,test
Colours,54. Black,Colours/54. Black/MVI_4041.MOV,True,test
Days_and_Time,78. Year,Days_and_Time/78. Year/MVI_5049.MOV,True,test
